date,rainfall_mm,temperature_C
2021-01-01,0.0,6.844309693926616
2021-01-02,0.0,2.962468870770559
2021-01-03,0.0,6.93691606899465
2021-01-04,0.0,8.418464460276557
2021-01-05,4.203417593228811,3.1436125487881643
2021-01-06,17.382402568603375,3.6026460920524173
2021-01-07,26.031476466577583,7.52475777073547
2021-01-08,0.0,6.087026747379871
2021-01-09,0.0,6.704391971060093
2021-01-10,0.0,6.342806144571742
2021-01-11,12.63954010691473,6.505975006064321
2021-01-12,0.0,3.1373428662114877
2021-01-13,0.0,7.95335553138956
2021-01-14,0.0,8.269041856829187
2021-01-15,0.0,5.544909815341511
2021-01-16,0.0,5.99323263577679
2021-01-17,0.0,3.09710989545492
2021-01-18,0.0,7.26959246059324
2021-01-19,0.0,7.4695513361323185
2021-01-20,0.0,6.287978383243348
2021-01-21,0.0,8.750535804465727
2021-01-22,5.706419169507539,5.925661481695336
2021-01-23,0.0,7.817505588129123
2021-01-24,0.0,4.745905789591626
2021-01-25,0.0,6.837505108177913
2021-01-26,0.0,6.6376806024475625
2021-01-27,0.0,7.5411592765141116
2021-01-28,0.0,6.457987631625528
2021-01-29,0.0,7.042906539817286
2021-01-30,3.322955696205358,9.069036258097388
2021-01-31,0.0,6.656750648558013
2021-02-01,2.540373047627129,4.432675568882787
2021-02-02,0.49634452620164665,11.262727425451718
2021-02-03,0.0,10.646341934563226
2021-02-04,0.0,5.420891339272293
2021-02-05,0.0,9.50888793825372
2021-02-06,0.0,7.249614270567858
2021-02-07,6.605422377517172,8.910628248239336
2021-02-08,0.0,9.102152647677174
2021-02-09,0.0,8.176861390465582
2021-02-10,6.247420766931554,7.212001184418531
2021-02-11,0.0,7.534149194216219
2021-02-12,16.553147133309764,7.220349299429881
2021-02-13,0.0,7.528352849001101
2021-02-14,0.0,9.198625856990112
2021-02-15,0.0,8.0441268901023
2021-02-16,0.0,10.984052416042243
2021-02-17,0.0,12.740336237016352
2021-02-18,0.0,8.753184078738869
2021-02-19,0.0,10.541053499470983
2021-02-20,0.0,11.212031819447983
2021-02-21,0.0,11.308501832810041
2021-02-22,0.0,10.669617118428068
2021-02-23,0.0,12.157608911215132
2021-02-24,0.0,11.792561879238146
2021-02-25,0.0,8.509795263285675
2021-02-26,4.503800737274049,12.881678066342475
2021-02-27,0.0,13.077336245626753
2021-02-28,6.967130951060345,9.936666569879122
2021-03-01,0.0,11.700646674954072
2021-03-02,0.0,13.153961368698495
2021-03-03,0.0,11.532160114278385
2021-03-04,0.0,14.261131766725933
2021-03-05,0.0,17.008163413897666
2021-03-06,0.0,10.874494983568166
2021-03-07,0.0,9.851183133632949
2021-03-08,10.494951361000496,13.388422061168097
2021-03-09,0.0,14.392080011566094
2021-03-10,12.469734401005551,12.65600015387802
2021-03-11,0.0,16.193589884827293
2021-03-12,0.0,10.77970019391069
2021-03-13,0.0,15.013049524930574
2021-03-14,15.078342662171117,12.586197909488686
2021-03-15,0.0,17.407738837940247
2021-03-16,0.0,18.12538271896177
2021-03-17,0.0,12.778662556410106
2021-03-18,0.0,13.384689055950302
2021-03-19,9.613230433402506,16.37495965773215
2021-03-20,0.0,14.053605138862624
2021-03-21,1.7621393892270516,14.909177564135524
2021-03-22,0.0,15.222910402643167
2021-03-23,0.0,11.504869803832145
2021-03-24,0.0,15.488521180044062
2021-03-25,11.576729873697651,14.30856871989485
2021-03-26,0.0,14.873402342574922
2021-03-27,0.0,18.918280981411975
2021-03-28,0.0,13.689066660435014
2021-03-29,0.0,17.999198094628603
2021-03-30,0.0,15.985162345979193
2021-03-31,0.0,16.153411104823107
2021-04-01,4.165468010796924,18.463010890535866
2021-04-02,0.0,17.731147587823973
2021-04-03,0.0,18.360441124480715
2021-04-04,0.0,19.32309698112522
2021-04-05,0.0,16.890916184795223
2021-04-06,0.0,16.495108106325556
2021-04-07,0.0,15.714523275690494
2021-04-08,0.0,16.398391186604982
2021-04-09,21.56270538010327,24.110885467541095
2021-04-10,8.328556265452496,20.864588157414705
2021-04-11,10.125563111499483,15.834612489347673
2021-04-12,0.0,16.05232951541959
2021-04-13,0.0,19.820366185873056
2021-04-14,0.0,20.109409486815665
2021-04-15,0.0,20.269703696757897
2021-04-16,0.0,18.817844338396917
2021-04-17,0.0,19.231384897398307
2021-04-18,0.0,20.291261757347222
2021-04-19,0.0,19.959124413744547
2021-04-20,47.85832144011467,15.499154756104701
2021-04-21,0.0,19.627110177370657
2021-04-22,15.289423174026922,18.531343205134874
2021-04-23,0.0,20.730474553200022
2021-04-24,0.0,26.494871136883017
2021-04-25,0.0,21.401980893859786
2021-04-26,0.0,20.18094336219321
2021-04-27,0.0,22.79086987356214
2021-04-28,11.400835702137018,22.050144475569688
2021-04-29,0.0,22.06065646531236
2021-04-30,0.0,22.568024195333116
2021-05-01,0.0,25.599382740008895
2021-05-02,0.0,19.35456931177095
2021-05-03,0.0,22.691700341952366
2021-05-04,7.163912837021476,20.017765412273594
2021-05-05,1.9668854517925012,23.105608563200967
2021-05-06,0.0,20.279193199845558
2021-05-07,0.0,21.401706755748954
2021-05-08,0.0,21.763990401164044
2021-05-09,6.686023211705041,24.42135431565497
2021-05-10,0.0,24.41996697267045
2021-05-11,0.0,20.20271351594661
2021-05-12,3.2762177063934548,22.91282673270745
2021-05-13,28.417004012110986,21.490296858069428
2021-05-14,0.0,20.496601060396095
2021-05-15,0.0,22.681356489224868
2021-05-16,0.0,22.597799956112503
2021-05-17,0.0,28.165139236349123
2021-05-18,0.0,24.272103707066176
2021-05-19,0.0,20.742935913766804
2021-05-20,0.0,22.458091574416144
2021-05-21,0.0,25.717330138154765
2021-05-22,11.528933579342725,27.93580259718228
2021-05-23,0.0,20.668708474957718
2021-05-24,20.9666819003548,20.159964694317395
2021-05-25,4.369372893169711,27.738239047266
2021-05-26,3.5535780512186195,24.849366482768165
2021-05-27,0.0,22.404694418100604
2021-05-28,0.0,25.27897104941122
2021-05-29,14.114246937120106,19.00392135775821
2021-05-30,3.1265055424986903,24.345123301423573
2021-05-31,0.0,25.054202925105127
2021-06-01,5.285539131321964,26.304504153347086
2021-06-02,29.419211026140232,22.48277325836646
2021-06-03,0.0,24.733722588725772
2021-06-04,0.0,22.760448586603832
2021-06-05,5.502406402907768,25.168166887897183
2021-06-06,0.0,22.909946573789025
2021-06-07,0.0,23.92480287340376
2021-06-08,1.451808383672032,22.78685262547611
2021-06-09,0.0,26.11533718636341
2021-06-10,0.0,26.561640400834253
2021-06-11,0.0,24.404253284025035
2021-06-12,0.0,24.975800940793587
2021-06-13,0.0,22.025039264912234
2021-06-14,0.7774276444084455,24.342825772925945
2021-06-15,0.0,24.8587807273883
2021-06-16,1.2101410369997432,30.214835913141506
2021-06-17,21.915608990997907,22.760420160007314
2021-06-18,4.664412143685633,27.920854589901708
2021-06-19,0.0,26.991402566730525
2021-06-20,0.0,25.561180206342176
2021-06-21,46.797592557417765,28.516407554937643
2021-06-22,0.0,25.7396737520873
2021-06-23,26.25550952461657,25.767115547186194
2021-06-24,0.0,24.87293030261883
2021-06-25,34.66257188088023,27.413726782378955
2021-06-26,0.0,27.143991578628746
2021-06-27,18.614215143696953,23.681213917681717
2021-06-28,0.0,22.27264625073701
2021-06-29,13.51582091760185,24.480814627532094
2021-06-30,3.410951403614957,23.259404370843015
2021-07-01,8.141179412965664,24.70221637056911
2021-07-02,0.0,27.271013185823175
2021-07-03,0.0,23.845502196150104
2021-07-04,14.644581653265991,24.635535203667466
2021-07-05,0.0,24.79542329985743
2021-07-06,0.0,26.33156725005206
2021-07-07,0.0,20.093399501903754
2021-07-08,0.0,23.323409376773863
2021-07-09,17.728278860796003,24.90618318468066
2021-07-10,2.2187088678452076,26.82776934675793
2021-07-11,0.0,23.385008567941902
2021-07-12,0.0,20.554133898296044
2021-07-13,0.0,25.482330113863206
2021-07-14,6.788199785458193,22.905111482942676
2021-07-15,7.557344456914127,21.726712982761438
2021-07-16,0.0,22.7848672438204
2021-07-17,0.0,23.589342192037392
2021-07-18,0.0,22.671083897218505
2021-07-19,0.0,19.388989925537217
2021-07-20,0.0,25.511195580867483
2021-07-21,7.280302872799315,26.18117136305656
2021-07-22,2.6126308280447725,24.84626568017728
2021-07-23,0.0,21.177119232680997
2021-07-24,0.0,22.956271726291334
2021-07-25,31.73628566344471,23.25049935678018
2021-07-26,6.571151084915858,24.362969293582978
2021-07-27,0.0,24.401480440645607
2021-07-28,2.848376463240086,21.493481040269167
2021-07-29,32.30959178722258,23.020489663614267
2021-07-30,0.0,23.66340122290089
2021-07-31,0.0,25.55053077219896
2021-08-01,0.0,23.93568135496953
2021-08-02,26.27418372351392,23.990333483236995
2021-08-03,0.0,22.463228796723595
2021-08-04,9.278873843335038,24.99768742716663
2021-08-05,5.125509492410593,22.875361692990776
2021-08-06,0.0,20.210636448522635
2021-08-07,0.0,24.614474035020542
2021-08-08,0.0,23.07644518721339
2021-08-09,0.0,20.665475529833888
2021-08-10,0.0,20.46156119756715
2021-08-11,1.0697615536484955,21.880779236239867
2021-08-12,12.697944720548948,22.07921559016845
2021-08-13,4.764834762376871,21.41082516351164
2021-08-14,7.960391704254652,21.5004698698105
2021-08-15,0.0,24.137637428196005
2021-08-16,30.231224231498818,22.738978928571537
2021-08-17,0.0,20.83367556793656
2021-08-18,0.0,22.1899216431543
2021-08-19,0.0,18.095576103103447
2021-08-20,0.0,20.808272234351374
2021-08-21,0.0,23.48133977055312
2021-08-22,0.0,19.275503285953892
2021-08-23,4.407206802524982,17.863799077846416
2021-08-24,0.0,18.10101006631883
2021-08-25,12.248479408878977,17.070737325010768
2021-08-26,15.43619537019075,17.524035771900806
2021-08-27,0.0,18.194886569384607
2021-08-28,21.399187210268654,15.965945613682365
2021-08-29,0.0,18.648373975196883
2021-08-30,0.0,20.26067747428063
2021-08-31,0.0,16.47857246195146
2021-09-01,7.432579452980967,21.169638256641807
2021-09-02,6.721482778385941,18.988712369790097
2021-09-03,0.0,19.86346792324027
2021-09-04,0.0,16.320985819575796
2021-09-05,0.0,19.179272258942586
2021-09-06,0.0,15.119188901515496
2021-09-07,0.0,18.91570415607098
2021-09-08,6.571185142972742,17.310407577522827
2021-09-09,11.271068240770589,17.90416829722519
2021-09-10,0.0,14.276880918135468
2021-09-11,25.449931229322196,14.667852284645543
2021-09-12,6.283472946850898,17.48193821103258
2021-09-13,0.0,14.21989406276855
2021-09-14,0.0,16.871780082370236
2021-09-15,0.0,13.039589179414138
2021-09-16,0.0,17.298481198991265
2021-09-17,0.13047852842379487,12.965175700508286
2021-09-18,0.0,16.36278427763038
2021-09-19,0.0,16.33733183617889
2021-09-20,16.840236625085293,13.52038639425397
2021-09-21,0.0,15.90586873189813
2021-09-22,0.0,15.090662196621809
2021-09-23,0.0,13.320183513956595
2021-09-24,0.0,12.209025839512952
2021-09-25,0.0,10.129381118482849
2021-09-26,0.0,14.582710023382443
2021-09-27,8.683717971279565,10.582912682750083
2021-09-28,0.0,13.732696429683871
2021-09-29,0.0,12.845033438450336
2021-09-30,0.0,14.560619693620769
2021-10-01,0.0,12.429180103084509
2021-10-02,0.0,12.205895272907858
2021-10-03,0.0,14.160684706270473
2021-10-04,0.0,13.199894253358883
2021-10-05,0.0,12.995656987085484
2021-10-06,0.0,13.136228427624891
2021-10-07,0.0,8.961727560850887
2021-10-08,0.0,13.382506950615696
2021-10-09,0.0,12.930852765781902
2021-10-10,0.0,9.510510616139673
2021-10-11,12.721695905135626,10.894701745353922
2021-10-12,0.0,11.144305772705092
2021-10-13,1.1337060661006433,10.79510366463187
2021-10-14,0.0,11.574160344980859
2021-10-15,0.0,13.612730163966827
2021-10-16,0.0,12.758345611840706
2021-10-17,0.0,7.816494678052597
2021-10-18,4.7841203381953195,11.532544903873458
2021-10-19,15.764262041861587,12.795139567983918
2021-10-20,0.0,10.761198906920649
2021-10-21,0.0,12.02133694021341
2021-10-22,1.8804063221284308,13.717240409782198
2021-10-23,0.0,11.595014706807456
2021-10-24,0.0,9.902724567181696
2021-10-25,12.225270033300168,11.352454269126262
2021-10-26,0.0,9.411923143269048
2021-10-27,7.900139462455217,9.031565454320685
2021-10-28,3.7764962559577695,8.144325528939257
2021-10-29,0.0,11.839198571705872
2021-10-30,0.0,6.942595535750361
2021-10-31,0.0,11.513171877265382
2021-11-01,0.0,9.319089605345411
2021-11-02,0.0,5.393653555625957
2021-11-03,0.0,8.802486317113072
2021-11-04,0.0,3.7441108836249777
2021-11-05,0.0,9.074246896902457
2021-11-06,0.0,9.474887425113106
2021-11-07,0.0,6.4030679802099355
2021-11-08,3.444632706108391,7.720427116591082
2021-11-09,2.6423268325353146,11.269428739595144
2021-11-10,0.0,6.239666177805721
2021-11-11,0.0,5.025686275099655
2021-11-12,0.0,10.001498167099044
2021-11-13,0.0,10.860374917852143
2021-11-14,8.641952898077037,6.842010829236537
2021-11-15,9.574676198077917,8.759384083577618
2021-11-16,0.0,9.323697036875398
2021-11-17,0.0,5.062540961392598
2021-11-18,0.0,5.486166631765995
2021-11-19,0.0,8.830327745810354
2021-11-20,0.0,9.652965370323802
2021-11-21,0.0,7.325639680613353
2021-11-22,0.0,4.359798066700962
2021-11-23,0.0,10.015729316049795
2021-11-24,0.0,4.9045001811292295
2021-11-25,0.0,5.223678136714934
2021-11-26,0.0,6.508839408385309
2021-11-27,0.0,8.865413619498614
2021-11-28,0.0,7.4007126427246535
2021-11-29,5.694073587574088,6.4609175377695065
2021-11-30,2.4466831545897163,6.498965626332007
2021-12-01,11.932103764107923,5.603413537165215
2021-12-02,17.085042767618045,6.579469062732557
2021-12-03,0.0,0.3537016747384305
2021-12-04,0.0,4.772079596218917
2021-12-05,0.0,5.803266039592921
2021-12-06,13.79946739541388,2.9767898664703742
2021-12-07,0.0,6.0125411292994375
2021-12-08,0.0,4.7949206415728565
2021-12-09,35.6914132446873,8.681685876831157
2021-12-10,0.0,8.28655795079141
2021-12-11,0.0,4.181612959440271
2021-12-12,0.0,4.787183936932063
2021-12-13,0.0,4.919536376109072
2021-12-14,6.860395598909836,4.1456279366737805
2021-12-15,0.0,5.423460950514553
2021-12-16,0.0,3.5042642535708985
2021-12-17,0.0,2.749972174274612
2021-12-18,0.0,6.249959640926965
2021-12-19,0.0,6.259892581896243
2021-12-20,23.596395221421297,3.3914610833181134
2021-12-21,4.191551307440327,6.793025841726291
2021-12-22,0.0,3.7443444292725028
2021-12-23,3.4918807683523494,5.521976264520321
2021-12-24,0.0,6.6674382941433565
2021-12-25,0.0,4.973584909120783
2021-12-26,0.0,5.9673027553427485
2021-12-27,0.0,4.044918618045533
2021-12-28,0.0,4.707741882270275
2021-12-29,0.0,4.714786714299455
2021-12-30,0.0,3.6621051393985993
2021-12-31,0.0,4.833386971052342
2022-01-01,0.0,2.1242799872159384
2022-01-02,0.0,4.276687953991586
2022-01-03,0.0,4.729609794745587
2022-01-04,0.0,4.830241118460691
2022-01-05,9.129715353036737,4.9057072695354345
2022-01-06,27.63901018040376,5.314123334360686
2022-01-07,6.153049140310949,6.448317873220593
2022-01-08,1.1323991867111842,7.293070273993619
2022-01-09,0.0,4.301908966884512
2022-01-10,16.828778656767543,3.2552260009924594
2022-01-11,0.0,3.640494339721827
2022-01-12,0.0,4.815881280443799
2022-01-13,7.592173802188478,5.154877482513646
2022-01-14,0.0,4.389869739578726
2022-01-15,0.0,3.4114579749777776
2022-01-16,10.640154776709139,5.1679448804561385
2022-01-17,0.0,6.522178140794307
2022-01-18,0.0,7.4311418802287
2022-01-19,0.0,5.210590346487388
2022-01-20,0.0,5.586364772955102
2022-01-21,0.0,4.6484324670301005
2022-01-22,0.0,6.530937602905665
2022-01-23,3.6992640640113033,4.991436467960293
2022-01-24,0.0,7.931490093458258
2022-01-25,0.0,3.3128764260581667
2022-01-26,0.0,6.267129773348309
2022-01-27,0.0,7.692758110815713
2022-01-28,0.0,7.564710521937254
2022-01-29,0.0,12.691919059121616
2022-01-30,0.0,8.11654196435019
2022-01-31,0.0,5.522169929350428
2022-02-01,0.0,7.4549012761819995
2022-02-02,0.0,4.2110669501079725
2022-02-03,0.0,7.722234278588732
2022-02-04,0.0,6.339304615482012
2022-02-05,9.053374780358418,9.960252878883654
2022-02-06,0.0,7.156483262479474
2022-02-07,0.0,8.150121985986724
2022-02-08,0.0,7.24258870684138
2022-02-09,0.0,12.123379694804889
2022-02-10,0.0,8.1370469833555
2022-02-11,0.0,12.580345385807142
2022-02-12,1.4047273083499094,10.681036654628898
2022-02-13,0.0,10.156130720132763
2022-02-14,32.09656071364191,10.070448731723863
2022-02-15,0.0,10.263241464756307
2022-02-16,0.0,5.764603125925783
2022-02-17,0.0,9.208077138042984
2022-02-18,0.0,11.6036065038476
2022-02-19,0.0,9.964450131452018
2022-02-20,0.0,7.402281905234965
2022-02-21,0.0,10.259688389816553
2022-02-22,0.0,13.925917615106876
2022-02-23,0.0,13.166027505565125
2022-02-24,0.0,10.704055955144769
2022-02-25,0.0,12.888018662056444
2022-02-26,0.0,10.410351896827827
2022-02-27,19.35701143199915,7.895011397439831
2022-02-28,0.0,9.614306801977175
2022-03-01,8.690531486414606,14.750548541075263
2022-03-02,0.0,11.239317219417748
2022-03-03,0.0,11.464019794687072
2022-03-04,0.0,11.51549927864415
2022-03-05,0.0,16.08869160380496
2022-03-06,16.460080694463667,15.698384879562257
2022-03-07,4.203264136832323,17.050832806836766
2022-03-08,0.0,12.462694449158244
2022-03-09,0.0,13.540203978807998
2022-03-10,18.691560011781576,10.084447802725975
2022-03-11,5.8879773029154725,16.240937410421772
2022-03-12,0.0,11.121352690821318
2022-03-13,5.479124377718884,14.06076340639261
2022-03-14,0.0,11.603314495740785
2022-03-15,0.0,12.79124937204826
2022-03-16,2.864578726892292,12.465827150526135
2022-03-17,11.806370291323104,13.096225210625166
2022-03-18,0.0,13.405557921469505
2022-03-19,0.0,13.559246293922389
2022-03-20,0.0,16.49453426200227
2022-03-21,0.0,12.79027441387496
2022-03-22,0.0,15.61321641558608
2022-03-23,0.0,17.780134420838575
2022-03-24,0.0,14.489803943205745
2022-03-25,0.0,14.252186486527995
2022-03-26,8.351158789832342,15.398598737013964
2022-03-27,0.0,18.390467391195767
2022-03-28,0.0,16.590295710900243
2022-03-29,0.0,15.310359131917453
2022-03-30,0.0,17.51084150901889
2022-03-31,24.173831081319378,14.508347142141927
2022-04-01,0.0,18.24498611931834
2022-04-02,2.4798227592562867,17.868259614089727
2022-04-03,0.0,16.603598187763886
2022-04-04,11.851940720054092,15.709556063165037
2022-04-05,20.835889217867997,15.780171106594956
2022-04-06,9.726308530460068,18.789216248032876
2022-04-07,0.0,20.342785333784214
2022-04-08,0.0,16.774596752505303
2022-04-09,0.0,19.129470024026613
2022-04-10,0.0,14.201174958736996
2022-04-11,0.0,17.367525760449315
2022-04-12,0.0,18.635127563164925
2022-04-13,0.0,17.037267228472405
2022-04-14,0.0,17.14186714248054
2022-04-15,0.0,17.836376913185397
2022-04-16,5.776879633109103,19.91214138215706
2022-04-17,0.0,19.107635380591358
2022-04-18,9.507742639918792,15.159040242378563
2022-04-19,0.0,15.545938095887752
2022-04-20,0.0,18.72402514588542
2022-04-21,0.0,21.002082610628147
2022-04-22,22.728703517429846,14.739146388205032
2022-04-23,0.0,19.380591363079738
2022-04-24,0.0,19.471857418641356
2022-04-25,0.0,23.443693119328074
2022-04-26,0.0,20.03795911111228
2022-04-27,0.0,21.71324483908949
2022-04-28,0.0,21.367282981326188
2022-04-29,0.0,16.959334524794276
2022-04-30,0.0,22.890737442165246
2022-05-01,0.0,21.91708862126239
2022-05-02,22.721486671380774,22.63288346177196
2022-05-03,0.0,29.59691160120211
2022-05-04,0.0,17.702301793239492
2022-05-05,0.0,25.44397657003869
2022-05-06,0.0,21.541671184017034
2022-05-07,0.0,22.811098191765144
2022-05-08,0.0,22.26314573903737
2022-05-09,7.306098593502485,21.621248210169465
2022-05-10,0.0,21.443392228308106
2022-05-11,0.0,23.353165739985396
2022-05-12,0.0,19.768611117364394
2022-05-13,22.421878825897185,24.410614902611304
2022-05-14,0.0,22.181222071976258
2022-05-15,0.0,20.855251911992895
2022-05-16,0.0,22.314739817032514
2022-05-17,0.0,25.826004697383222
2022-05-18,0.0,22.335513882312338
2022-05-19,0.0,24.215078151694517
2022-05-20,0.0,22.125727031327084
2022-05-21,7.994981696487917,25.190407247143206
2022-05-22,0.0,25.129932529022838
2022-05-23,0.0,27.53789276602646
2022-05-24,0.0,23.568685573597055
2022-05-25,0.0,25.333618306038247
2022-05-26,0.0,24.26627320710425
2022-05-27,0.0,26.733023445579363
2022-05-28,0.0,22.772048101948887
2022-05-29,0.0,25.765427461546526
2022-05-30,16.313892369894216,23.94897769599589
2022-05-31,13.037146559777542,24.27018422520196
2022-06-01,0.0,24.63946884316817
2022-06-02,0.0,25.01504595580489
2022-06-03,0.0,24.32989017967514
2022-06-04,5.548311949495285,25.04072420506406
2022-06-05,0.0,27.813635491672915
2022-06-06,0.0,26.67153858974551
2022-06-07,0.0,26.479313736717994
2022-06-08,0.0,23.867404363008827
2022-06-09,0.0,23.034583046259446
2022-06-10,0.0,26.755339283996427
2022-06-11,0.0,26.62558800899945
2022-06-12,2.9893638986577358,27.844666302375494
2022-06-13,21.259026582581726,23.71426084224086
2022-06-14,0.0,24.483081758218827
2022-06-15,0.0,21.68022163642092
2022-06-16,0.0,24.18830751895981
2022-06-17,0.0,26.977495232714535
2022-06-18,0.0,24.059509353940438
2022-06-19,0.0,26.278644610200555
2022-06-20,0.0,24.61890118536628
2022-06-21,0.0,25.6472806429905
2022-06-22,25.914524874730976,22.700080027242237
2022-06-23,0.0,25.159216055118137
2022-06-24,11.615339197131764,18.996899666852475
2022-06-25,0.0,24.59279670121773
2022-06-26,0.0,21.690106623576696
2022-06-27,7.985089571023049,27.344557525767776
2022-06-28,0.0,26.46595534546357
2022-06-29,0.0,25.82011786625557
2022-06-30,2.102344124434607,27.901493953957065
2022-07-01,20.840030597465823,22.931432478150146
2022-07-02,0.0,28.290863312286014
2022-07-03,0.0,26.624488634844454
2022-07-04,0.0,24.248071391852722
2022-07-05,0.0,26.950618124606528
2022-07-06,0.0,22.422118460818222
2022-07-07,0.0,22.938149846817616
2022-07-08,0.0,23.319630519825054
2022-07-09,0.0,23.425660383993684
2022-07-10,10.501279372594356,22.314496148383704
2022-07-11,6.361363189364753,26.814979597144966
2022-07-12,16.684565026185982,23.78953050964013
2022-07-13,0.0,24.947917158644692
2022-07-14,0.0,23.035133527766575
2022-07-15,0.0,20.464839699845125
2022-07-16,1.6318097311588813,24.573672740029693
2022-07-17,2.6979110958476618,20.133882956509538
2022-07-18,4.039394311086567,23.743305134123993
2022-07-19,12.701067833904919,21.063491962069737
2022-07-20,0.0,27.691615185554834
2022-07-21,9.601099333675043,25.45414672484856
2022-07-22,13.967120271881772,23.75472928004123
2022-07-23,0.0,25.97990392883997
2022-07-24,19.758304534830394,21.6666228392549
2022-07-25,0.0,24.35050074457928
2022-07-26,0.0,23.565001381896586
2022-07-27,14.380427452683769,23.59283962587679
2022-07-28,0.0,25.506535638039693
2022-07-29,0.0,24.321482756346754
2022-07-30,0.0,23.326287739320453
2022-07-31,32.59974366985089,19.329111255448836
2022-08-01,0.0,20.606575684761157
2022-08-02,0.0,22.16680224129451
2022-08-03,19.72263665614715,22.482320289418176
2022-08-04,7.289876098501101,19.916361687411772
2022-08-05,0.0,26.879189452228623
2022-08-06,0.0,24.96560037937692
2022-08-07,4.750977760258729,23.011970735555128
2022-08-08,0.0,21.824712364702826
2022-08-09,7.501103351500186,21.12714563228855
2022-08-10,14.790862823130333,19.516710212321165
2022-08-11,5.296702570731265,21.44258918299607
2022-08-12,15.123137755279485,21.66835107991878
2022-08-13,13.758889145141127,18.532719481285977
2022-08-14,2.939239894628886,21.54620535741453
2022-08-15,0.0,20.427204581393745
2022-08-16,19.436881002731337,16.780277508346984
2022-08-17,11.270335395367038,18.731634363847505
2022-08-18,0.0,19.480089414776042
2022-08-19,0.0,23.93599922483891
2022-08-20,0.0,21.125524383525274
2022-08-21,31.439896787050593,17.19176393288712
2022-08-22,8.020715856104442,20.683667655573913
2022-08-23,6.082151798413249,16.464458957207857
2022-08-24,2.509697073958142,21.570569951279097
2022-08-25,2.4613913680149024,18.307754096059785
2022-08-26,17.665003961817582,18.906287210677874
2022-08-27,29.12965736609868,21.58749606164905
2022-08-28,7.402122627798082,16.20275251487115
2022-08-29,0.0,15.822900937071692
2022-08-30,6.955575454934525,17.288924474015325
2022-08-31,8.707854448480866,20.370842524283937
2022-09-01,0.0,15.092378258404585
2022-09-02,0.0,12.30281699651377
2022-09-03,20.47786088956141,16.899989035174162
2022-09-04,0.0,18.74013652710191
2022-09-05,0.0,19.870745304287013
2022-09-06,2.9702805836588504,16.376733978135324
2022-09-07,0.0,16.312355940165958
2022-09-08,0.0,19.274530366447262
2022-09-09,10.104772578746434,13.058182457864781
2022-09-10,17.981634757063787,15.851028579019154
2022-09-11,0.0,16.838839749048866
2022-09-12,0.0,17.18591921709588
2022-09-13,12.571461634638858,15.096976684835186
2022-09-14,14.438958481846594,16.014249521583675
2022-09-15,0.0,10.79721008550865
2022-09-16,0.0,14.285635948990233
2022-09-17,0.0,16.33723975515424
2022-09-18,0.0,13.293596333761972
2022-09-19,0.0,15.204038412066081
2022-09-20,0.0,15.807675032718516
2022-09-21,12.673631284847056,14.056717196013146
2022-09-22,23.577720259013127,14.910705211947839
2022-09-23,0.0,12.472402095772848
2022-09-24,0.0,13.812912648273276
2022-09-25,0.0,15.27506484100645
2022-09-26,0.0,14.197355850719925
2022-09-27,27.428206673728162,12.539455686346322
2022-09-28,0.0,13.990440839382842
2022-09-29,0.0,14.80114945188807
2022-09-30,22.688588874458304,9.102451585589423
2022-10-01,8.750390403170249,15.351419231976033
2022-10-02,0.0,12.192281368239897
2022-10-03,1.0556605859211179,13.547923164174343
2022-10-04,0.0,14.924272042481103
2022-10-05,6.907695480513997,9.619997678258995
2022-10-06,0.0,10.778811243152745
2022-10-07,8.500794808586061,11.45577441551369
2022-10-08,0.0,10.301422548392877
2022-10-09,0.0,15.175788329428315
2022-10-10,0.0,9.830332685639082
2022-10-11,0.0,10.271769133728592
2022-10-12,0.0,11.631698411166308
2022-10-13,28.855831803716253,8.659798181283158
2022-10-14,0.0,10.11507898833126
2022-10-15,0.0,11.38490312280481
2022-10-16,0.0,9.929091347730026
2022-10-17,0.0,10.254159347115513
2022-10-18,3.7409844388535096,9.229740698364619
2022-10-19,0.0,7.108332310551565
2022-10-20,0.0,10.630768288220722
2022-10-21,0.0,13.349242233135957
2022-10-22,0.0,9.729502779947543
2022-10-23,0.0,9.998123849088593
2022-10-24,0.0,10.789552886131958
2022-10-25,0.0,6.723616327863358
2022-10-26,1.6998107968193392,12.527176793334478
2022-10-27,5.331814027464033,9.388416960596377
2022-10-28,3.970390860685718,12.11086779854494
2022-10-29,0.0,7.246305862993678
2022-10-30,1.4808001327089095,12.215576712750014
2022-10-31,7.554294204264435,9.998747415978716
2022-11-01,0.0,9.425441529569385
2022-11-02,8.805974986455277,8.660314813936136
2022-11-03,0.0,7.57013049498133
2022-11-04,1.3601366172565548,10.34522721587597
2022-11-05,0.0,8.103950602936479
2022-11-06,0.0,3.7702850519608195
2022-11-07,0.0,5.353406968100037
2022-11-08,6.044773367833034,7.101640220294422
2022-11-09,0.0,7.981111838425681
2022-11-10,0.0,7.137982608529803
2022-11-11,0.0,9.581443028800182
2022-11-12,0.0,3.135967634096597
2022-11-13,0.0,7.222376409800874
2022-11-14,3.697635004362108,3.1986610347665336
2022-11-15,0.0,8.255882603729242
2022-11-16,0.0,6.45182777692963
2022-11-17,0.0,7.386729370517602
2022-11-18,0.0,4.7290123813222
2022-11-19,0.0,8.927508582816387
2022-11-20,0.0,8.366386141024485
2022-11-21,9.067600855456107,7.3669665662884185
2022-11-22,0.0,5.860392279978189
2022-11-23,0.0,7.201321663241176
2022-11-24,0.0,4.55265684077846
2022-11-25,0.0,7.605065017099261
2022-11-26,9.886999906340215,9.123125528053908
2022-11-27,0.0,7.898313898027437
2022-11-28,0.0,4.233555750005387
2022-11-29,0.0,6.354021171591891
2022-11-30,3.69846907592518,2.986105478578499
2022-12-01,0.0,6.661164822229635
2022-12-02,0.0,6.364396859420623
2022-12-03,19.302747843931126,1.6731891510627084
2022-12-04,0.0,3.041726826533786
2022-12-05,8.328863238578787,4.754344376271824
2022-12-06,3.8961282621369575,4.677098539427736
2022-12-07,0.0,2.8209406228387066
2022-12-08,0.0,5.9818205422494675
2022-12-09,0.0,5.673681698081202
2022-12-10,0.0,4.751980236404658
2022-12-11,0.0,3.6016410973598703
2022-12-12,0.0,7.186273612898582
2022-12-13,0.0,8.378245733502448
2022-12-14,0.0,4.081823921299952
2022-12-15,0.0,3.809077148148658
2022-12-16,0.0,6.003243722170072
2022-12-17,0.0,4.295144084655693
2022-12-18,0.0,4.725742791799959
2022-12-19,0.0,6.480139716901965
2022-12-20,1.2356011807248548,1.1813804276235125
2022-12-21,0.0,7.638919629906431
2022-12-22,0.0,5.152860936261848
2022-12-23,10.357449055771056,4.192659499319998
2022-12-24,12.648538485130572,4.848281960475547
2022-12-25,0.0,4.965668748569246
2022-12-26,0.0,1.595418324170629
2022-12-27,0.0,8.067654360727149
2022-12-28,5.031730089595639,5.183326313667706
2022-12-29,0.0,6.012509836954886
2022-12-30,0.0,7.058361373627163
2022-12-31,9.327587030786004,3.1446103821633056
2023-01-01,27.42722947863989,6.168460383013889
2023-01-02,0.0,4.723713266478208
2023-01-03,0.0,6.992902331917916
2023-01-04,0.0,1.0881457827484606
2023-01-05,0.0,5.190513560794454
2023-01-06,0.0,4.232010422513021
2023-01-07,0.0,6.353960738316776
2023-01-08,0.0,6.484124500464978
2023-01-09,0.0,4.1861876309369945
2023-01-10,0.0,4.237279983418661
2023-01-11,0.0,5.503252427093374
2023-01-12,0.0,3.9970026682032374
2023-01-13,0.0,7.542687509050918
2023-01-14,0.0,5.191447471078749
2023-01-15,0.0,0.18971486483428368
2023-01-16,0.0,5.330542422160903
2023-01-17,0.0,4.08223725887842
2023-01-18,0.0,2.97853131763568
2023-01-19,0.0,3.8505831762588856
2023-01-20,0.0,6.631177360907911
2023-01-21,16.9974382768989,9.159110741221184
2023-01-22,0.0,7.220184891385177
2023-01-23,0.0,5.475286959910443
2023-01-24,0.0,7.697042857317263
2023-01-25,0.3096078400216323,5.966428789488406
2023-01-26,0.0,5.597188379926944
2023-01-27,0.0,4.781818095966259
2023-01-28,0.0,3.693383875788807
2023-01-29,0.0,6.526004318041732
2023-01-30,0.0,7.733048895054639
2023-01-31,3.846728870622492,7.337031783004668
2023-02-01,0.0,6.813895914465428
2023-02-02,0.0,5.872067495647314
2023-02-03,0.0,9.09992616055219
2023-02-04,7.213907364768647,5.37115288959036
2023-02-05,0.0,9.681528155450282
2023-02-06,0.0,6.251129773817095
2023-02-07,0.0,6.878783342871147
2023-02-08,0.0,5.580134008418833
2023-02-09,0.0,7.642872697326952
2023-02-10,8.761623423673932,10.730157432547282
2023-02-11,0.0,9.946487475736651
2023-02-12,9.509363471202146,11.009577354448435
2023-02-13,0.0,10.236282357329863
2023-02-14,0.0,7.125642780028085
2023-02-15,11.984565034819822,8.814068419668688
2023-02-16,0.0,8.059550026382077
2023-02-17,0.0,12.42699373442258
2023-02-18,0.0,7.519713268626333
2023-02-19,0.0,11.84963987717845
2023-02-20,0.0,11.998569339059653
2023-02-21,0.0,14.023737694403668
2023-02-22,0.0,9.6983333973369
2023-02-23,0.0,12.09688839365601
2023-02-24,7.443704301089319,15.391367646954517
2023-02-25,0.0,9.749836754072877
2023-02-26,0.0,8.07328544249921
2023-02-27,0.0,7.5427345032777415
2023-02-28,0.0,12.888662835958947
2023-03-01,0.0,7.8584705879417
2023-03-02,8.310016765228013,11.042665277200511
2023-03-03,0.0,12.82541412751503
2023-03-04,0.0,12.485526744853738
2023-03-05,0.0,13.13130815302729
2023-03-06,17.700803979740538,12.891046760439838
2023-03-07,0.0,15.171003966567286
2023-03-08,0.0,10.876152108480753
2023-03-09,0.0,11.594964724396744
2023-03-10,0.0,11.572414011025911
2023-03-11,0.0,14.947452181910444
2023-03-12,0.0,15.257708970147315
2023-03-13,10.535615734276432,14.52966291750437
2023-03-14,0.0,16.16490688478633
2023-03-15,0.0,11.612901290772891
2023-03-16,0.0,17.47480023572781
2023-03-17,0.0,17.358452975401317
2023-03-18,0.0,15.955047322258956
2023-03-19,0.0,18.219381701314664
2023-03-20,0.0,11.514620023086106
2023-03-21,2.2122543415710343,13.951103727474695
2023-03-22,0.0,13.701526640194443
2023-03-23,0.0,16.787174763742144
2023-03-24,9.015277767515265,13.415915193028246
2023-03-25,0.0,17.20301456669817
2023-03-26,0.0,18.60072027536789
2023-03-27,0.0,17.421422774642345
2023-03-28,0.0,16.76958249631653
2023-03-29,0.0,14.397041039331151
2023-03-30,7.232853343566213,14.849386274392081
2023-03-31,0.0,19.212169252408106
2023-04-01,0.0,18.44096510624311
2023-04-02,0.6018111650374826,16.973005959931104
2023-04-03,0.0,16.383396038509872
2023-04-04,0.0,13.335111913836744
2023-04-05,0.0,15.411828113792993
2023-04-06,0.0,21.542419749620503
2023-04-07,0.0,15.323913186801157
2023-04-08,0.0,18.428171889005053
2023-04-09,0.0,20.22758456331404
2023-04-10,0.0,15.865383659936548
2023-04-11,0.0,18.90618217132588
2023-04-12,0.0,20.57307650392804
2023-04-13,9.43592579137367,18.881632706250574
2023-04-14,2.600313239110369,24.751686003393267
2023-04-15,0.0,15.834737508366779
2023-04-16,0.0,21.44521298527207
2023-04-17,0.0,19.13668994261118
2023-04-18,0.0,21.179343018701857
2023-04-19,0.0,20.669952704556376
2023-04-20,0.0,18.471443107379777
2023-04-21,17.90827680872655,20.544702223439725
2023-04-22,0.0,16.518353170858926
2023-04-23,11.8411596630096,21.586546716525785
2023-04-24,0.0,21.120670063657247
2023-04-25,2.057997230637378,21.944337900197382
2023-04-26,0.0,22.92423938471231
2023-04-27,17.273961536026142,21.682506550027057
2023-04-28,0.0,21.380947540747815
2023-04-29,0.0,19.458330811086093
2023-04-30,0.0,19.929881481603672
2023-05-01,23.86720494854503,23.859764850704476
2023-05-02,0.0,24.48901699383474
2023-05-03,6.418234022050676,21.268215315705348
2023-05-04,0.0,21.962533166743217
2023-05-05,7.1926856084456645,20.18535452052894
2023-05-06,15.958977332904851,24.462079913352635
2023-05-07,22.53095387664663,23.56727403034268
2023-05-08,0.0,26.236605102567353
2023-05-09,0.0,20.713074722606077
2023-05-10,0.94293431791662,21.82704228674919
2023-05-11,0.0,23.157040113890524
2023-05-12,0.0,24.095937586159295
2023-05-13,0.0,22.47812129247251
2023-05-14,0.0,21.267688700839365
2023-05-15,0.0,24.87820564792075
2023-05-16,0.0,24.657036258115305
2023-05-17,2.383499088614658,21.47915806253063
2023-05-18,5.437706837314807,26.117069658555778
2023-05-19,0.0,25.838568333668483
2023-05-20,0.0,23.856232577253614
2023-05-21,0.0,23.83375927204804
2023-05-22,6.052044414208829,24.867032593674246
2023-05-23,0.0,22.11726895892112
2023-05-24,0.0,23.97987642292365
2023-05-25,15.593695482246513,19.691541607304075
2023-05-26,22.61983924216629,25.82304941903223
2023-05-27,0.0,21.018293436969618
2023-05-28,0.0,27.216552534024345
2023-05-29,23.916982388942856,23.615176647859066
2023-05-30,0.9058784891428722,23.915038324366897
2023-05-31,3.4633020422335203,23.143092767249943
2023-06-01,0.0,23.879886126427273
2023-06-02,0.08912480899176675,27.34762785324761
2023-06-03,0.06894785830726567,19.586730952848896
2023-06-04,0.0,27.165228610899383
2023-06-05,0.2362167348694789,25.333446338751962
2023-06-06,0.0,22.28659592280064
2023-06-07,0.2606501348252246,22.590379765625727
2023-06-08,0.16430641758852646,28.131269469472976
2023-06-09,0.15033238856098677,22.92205094283063
2023-06-10,0.0,22.538037146329003
2023-06-11,0.0,27.148123508669322
2023-06-12,0.0,25.57643070344536
2023-06-13,0.0,23.046370941106524
2023-06-14,0.0,25.375429019748758
2023-06-15,0.11352713436065717,22.907684594191235
2023-06-16,0.12724120689009077,27.174892527926765
2023-06-17,0.0,27.10709614130191
2023-06-18,0.5439543574952705,26.05651251004072
2023-06-19,0.2930181947453046,25.72100714229294
2023-06-20,0.11787580100056705,28.52228364709665
2023-06-21,0.14763877216109933,24.99853924132383
2023-06-22,0.24082105003659224,22.63171455603197
2023-06-23,0.0,25.88774498151495
2023-06-24,0.0,29.15126570772815
2023-06-25,0.0,22.937070031169995
2023-06-26,0.0,24.228127577619006
2023-06-27,0.04114256142787518,25.76546056887705
2023-06-28,0.18591634811049437,24.80333094192307
2023-06-29,0.2800630906103559,22.92216874156878
2023-06-30,0.0,27.103197212099246
2023-07-01,0.25137889697712523,29.46934696383434
2023-07-02,0.0,25.188399834502714
2023-07-03,0.07082130557330156,22.95196892685168
2023-07-04,0.0,21.623260916183664
2023-07-05,0.08628939039248494,25.195329792683
2023-07-06,0.009627399996234201,26.842460172274006
2023-07-07,0.0,25.537513662863727
2023-07-08,0.0,24.53200228446675
2023-07-09,0.3045425616198802,23.305072496543104
2023-07-10,0.0,22.24328416846803
2023-07-11,0.0,26.03831611560408
2023-07-12,0.0,26.134782553150963
2023-07-13,0.0,21.151447648549468
2023-07-14,0.7205540990587336,27.355514216955303
2023-07-15,0.06002170156474141,25.254188742730165
2023-07-16,0.39278895761627364,26.832747313538434
2023-07-17,0.0,21.27413741037886
2023-07-18,0.0,21.148924915464054
2023-07-19,0.6744963562241622,23.502183420200762
2023-07-20,0.1025906918748895,24.722632040883607
2023-07-21,0.0,27.224142926353043
2023-07-22,0.0,24.95537952512853
2023-07-23,0.0,22.967128019906564
2023-07-24,0.1478302377269374,21.306516378854585
2023-07-25,0.2047861588518666,25.723543132677396
2023-07-26,0.24475545072185628,21.23596966295773
2023-07-27,0.0,26.32173657275409
2023-07-28,0.21448467058738308,22.39305933861314
2023-07-29,0.0,26.03766269602285
2023-07-30,0.1109790455715476,24.106702993788964
2023-07-31,0.0,22.364895149020512
2023-08-01,0.0,21.487875531667832
2023-08-02,0.0,21.730404353793798
2023-08-03,0.27650831689616806,23.152208925615348
2023-08-04,0.1135746851743643,22.331082129195053
2023-08-05,0.22725108155472964,20.86821328493437
2023-08-06,0.0,21.60154944823451
2023-08-07,0.0,21.96488815420846
2023-08-08,0.0,17.423170453305712
2023-08-09,0.0,22.46789980166825
2023-08-10,0.0,19.461104682932024
2023-08-11,0.1589481311024065,18.980963339546854
2023-08-12,0.0,17.77815730541186
2023-08-13,0.015166356670899491,17.428455636513444
2023-08-14,0.43811871743285097,18.166957516700155
2023-08-15,0.0,19.319680763782262
2023-08-16,0.08880237546075381,24.502410899154903
2023-08-17,0.4717934553134078,19.4006450336161
2023-08-18,0.0,20.662800694155393
2023-08-19,0.38072661375413835,20.961586683171184
2023-08-20,0.0,20.274548506889456
2023-08-21,0.19946998460416307,19.707840149634915
2023-08-22,0.2554886276486319,17.32100754954015
2023-08-23,0.28161801433898204,22.460922031643012
2023-08-24,0.1352727765650426,23.019581130780722
2023-08-25,0.0,15.884686011450173
2023-08-26,0.14150948206890362,17.045502406383456
2023-08-27,0.0,18.376282081810654
2023-08-28,0.0,16.848004062219267
2023-08-29,0.0,19.629068414209407
2023-08-30,0.0,16.99957872189411
2023-08-31,0.0,22.62419695785851
2023-09-01,0.2705343522096488,20.512167598045462
2023-09-02,0.16052054873325144,18.392276253999338
2023-09-03,0.11134527185631657,19.856279278631625
2023-09-04,0.0,19.848455775994687
2023-09-05,0.07212046137487337,16.34232682869287
2023-09-06,0.0,15.670622213222194
2023-09-07,0.0,17.29149528033726
2023-09-08,0.2329427208540423,18.690001146931653
2023-09-09,0.0,17.07578665456246
2023-09-10,0.08571063714832368,13.474077165003177
2023-09-11,0.33152816389766865,14.852343081297066
2023-09-12,0.0,16.139536047337057
2023-09-13,0.0,15.96525886256529
2023-09-14,0.0,19.890451851751607
2023-09-15,0.0,13.001888907536634
2023-09-16,0.3540131446881759,16.61331125732968
2023-09-17,0.0,18.408448546701884
2023-09-18,0.0,19.801083893116925
2023-09-19,0.0,14.277275122518965
2023-09-20,0.2538544519634143,15.89678893655352
2023-09-21,0.0,15.88133631212597
2023-09-22,0.0,14.960741133061278
2023-09-23,0.2993461060535944,14.20017682386346
2023-09-24,0.0,15.09808598666546
2023-09-25,0.25448250134957606,8.990140331388636
2023-09-26,0.0,15.24754890890832
2023-09-27,0.0,13.964874032798127
2023-09-28,0.3167279968379085,13.097058237244726
2023-09-29,0.0,17.465654262053953
2023-09-30,0.0,11.852466105163273
2023-10-01,0.0,12.227119123934175
2023-10-02,0.0,16.84789745001151
2023-10-03,0.0,11.032820687994167
2023-10-04,0.0,11.42954762931757
2023-10-05,0.0,12.069294225858227
2023-10-06,38.2508332212835,13.879162212266937
2023-10-07,0.0,12.448476821971726
2023-10-08,27.80635475927699,9.283678896337207
2023-10-09,0.0,10.641578051500318
2023-10-10,0.0,10.329168006868244
2023-10-11,48.06069654203231,11.228420602256234
2023-10-12,0.0,12.074607665220013
2023-10-13,0.0,11.90050874521128
2023-10-14,17.486860016289743,7.354416903746985
2023-10-15,0.0,12.877878575426172
2023-10-16,0.0,11.099949848488295
2023-10-17,9.325169850879721,13.209997160103221
2023-10-18,0.0,11.176801577842705
2023-10-19,0.0,12.339918844384623
2023-10-20,0.0,10.920672488442499
2023-10-21,0.0,12.53182760224697
2023-10-22,0.0,10.737200790416225
2023-10-23,0.0,9.351765121707686
2023-10-24,0.0,13.948976816792001
2023-10-25,0.0,11.04035156551654
2023-10-26,0.0,10.269636319084093
2023-10-27,0.0,6.431150534674101
2023-10-28,8.80255498542409,6.270538765439646
2023-10-29,0.0,9.297802818325362
2023-10-30,15.131237248538696,8.870495263170845
2023-10-31,1.465775099062569,7.220191297892517
2023-11-01,9.887833695047405,8.601326757088788
2023-11-02,0.0,11.369519761317033
2023-11-03,0.0,9.457992680230827
2023-11-04,0.0,5.66214687942275
2023-11-05,14.23398218013169,7.600213208954497
2023-11-06,0.0,6.094491497430003
2023-11-07,0.0,6.81238005869692
2023-11-08,0.0,6.646100393420632
2023-11-09,0.0,6.4058227068865605
2023-11-10,0.0,4.740888842382804
2023-11-11,0.0,6.888192086176476
2023-11-12,0.0,5.9169560884792265
2023-11-13,0.0,1.0763031567860173
2023-11-14,17.504416123143518,10.940563534544168
2023-11-15,0.0,8.91399732119425
2023-11-16,1.0448843451209135,5.888143755963643
2023-11-17,0.0,6.585147525950563
2023-11-18,0.0,4.113469607866609
2023-11-19,0.0,9.760024475122616
2023-11-20,0.0,10.077514202453006
2023-11-21,0.0,6.513265416757693
2023-11-22,0.0,8.16648806207576
2023-11-23,0.0,6.3921806505187595
2023-11-24,0.0,3.2929910990012967
2023-11-25,0.0,5.070306961130522
2023-11-26,0.0,6.088019672949979
2023-11-27,0.0,4.847997340582177
2023-11-28,0.0,5.255454134750134
2023-11-29,0.0,5.448387422027457
2023-11-30,0.0,5.410631570364872
2023-12-01,0.0,5.62090118087325
2023-12-02,0.0,3.341979900902343
2023-12-03,0.0,3.978789531871164
2023-12-04,3.6507191326473594,2.796125982958575
2023-12-05,0.0,7.276253269131759
2023-12-06,0.0,1.0675241500287393
2023-12-07,0.0,7.547075180310168
2023-12-08,0.0,7.976561878070786
2023-12-09,16.180597343817993,4.566373306234935
2023-12-10,6.787085739680672,-0.06575567529290005
2023-12-11,0.0,4.390602973742015
2023-12-12,0.0,4.960491037487816
2023-12-13,0.0,3.04623506746803
2023-12-14,0.0,4.01851010137654
2023-12-15,0.0,8.093801380185003
2023-12-16,0.0,6.350682715949561
2023-12-17,0.0,3.1620746153934647
2023-12-18,13.974653545686392,1.8093388539355635
2023-12-19,0.0,4.3467987782330795
2023-12-20,0.0,4.5731790439372215
2023-12-21,0.0,5.9947133549277245
2023-12-22,0.0,3.9368664624678473
2023-12-23,0.0,6.038644939168081
2023-12-24,1.9234240417895163,8.897058349038904
2023-12-25,0.0,6.671812083416734
2023-12-26,0.0,4.961643916398935
2023-12-27,0.0,4.711476963714087
2023-12-28,0.0,4.387328780766726
2023-12-29,0.0,7.487787400964425
2023-12-30,0.0,3.900634940576471
2023-12-31,0.0,5.277380715283871
2024-01-01,23.378991727746456,5.323912388705603
2024-01-02,0.0,4.255427062652732
2024-01-03,0.0,2.554429685716727
2024-01-04,0.0,5.988549630686788
2024-01-05,0.0,5.266694217566225
2024-01-06,1.729731568629041,6.438132672954084
2024-01-07,0.0,4.422234224170132
2024-01-08,0.0,7.98567872335467
2024-01-09,0.0,3.847891858157357
2024-01-10,0.0,9.085708279806534
2024-01-11,9.637087880384549,2.2293101445515098
2024-01-12,0.0,6.659827251947436
2024-01-13,0.0,6.809581483199911
2024-01-14,0.0,4.338747736091876
2024-01-15,9.856651616676778,6.852479179199592
2024-01-16,0.0,8.639223874924832
2024-01-17,0.0,1.7256872218582355
2024-01-18,0.0,7.2465725635392
2024-01-19,0.0,1.3388948120438755
2024-01-20,0.0,4.481030810195554
2024-01-21,0.0,9.760161814526612
2024-01-22,4.984930431692417,5.430251876871109
2024-01-23,0.0,4.340533807523977
2024-01-24,0.0,6.389359009006494
2024-01-25,12.323760819757716,11.020422086253493
2024-01-26,0.0,3.3230246238411816
2024-01-27,0.0,4.987923609153539
2024-01-28,0.0,10.191904855651497
2024-01-29,0.0,11.021256418236087
2024-01-30,0.0,7.210079466633808
2024-01-31,0.0,5.052173717981162
2024-02-01,12.615623711645183,11.837516773978464
2024-02-02,0.0,10.95244440053927
2024-02-03,0.0,9.24132775270672
2024-02-04,0.0,6.38061203160869
2024-02-05,0.0,8.031413646087257
2024-02-06,0.0,7.934843649580883
2024-02-07,11.507485601287547,9.045356426808373
2024-02-08,0.0,11.41570726591286
2024-02-09,0.0,10.404511073373031
2024-02-10,4.891251604540337,6.6247803616218075
2024-02-11,0.0,11.668224198887813
2024-02-12,0.0,9.678997410418676
2024-02-13,0.0,10.566128857179823
2024-02-14,0.0,12.26606415564603
2024-02-15,0.0,7.252486369296701
2024-02-16,0.0,9.548297127204076
2024-02-17,0.0,8.702934823626068
2024-02-18,0.0,6.7775717107480435
2024-02-19,0.0,10.75566445361007
2024-02-20,0.0,15.23577470201096
2024-02-21,0.0,6.684341801959986
2024-02-22,0.0,10.453145360496952
2024-02-23,0.0,11.953329944645233
2024-02-24,0.0,11.074220377189194
2024-02-25,0.0,10.758864002908789
2024-02-26,0.0,8.544933210672282
2024-02-27,0.0,11.768328056973596
2024-02-28,0.0,9.949710824204432
2024-02-29,0.0,7.244927594101761
2024-03-01,0.0,14.176487824103818
2024-03-02,3.959685131928334,13.867559393121192
2024-03-03,0.0,12.21849762489607
2024-03-04,0.0,12.738567801070351
2024-03-05,5.4465431287742225,14.595103074269254
2024-03-06,0.0,13.061951653496664
2024-03-07,3.3931499592947207,14.588819979480975
2024-03-08,0.0,12.353990599566107
2024-03-09,0.0,15.741700378715452
2024-03-10,19.91310310563675,13.928640010050591
2024-03-11,0.0,13.845015680568936
2024-03-12,0.0,11.087090101443287
2024-03-13,0.0,14.37183125960989
2024-03-14,5.929905638582784,12.30507319053675
2024-03-15,0.0,12.863786559568545
2024-03-16,0.0,12.681224475344559
2024-03-17,0.0,12.351333463969013
2024-03-18,0.0,18.905326689806465
2024-03-19,0.0,17.49054456241846
2024-03-20,0.0,18.840735004288522
2024-03-21,0.0,12.72634352244722
2024-03-22,0.0,15.486723616049241
2024-03-23,9.397135825591633,12.929181421824346
2024-03-24,0.0,14.296634513629071
2024-03-25,0.0,14.023394020541316
2024-03-26,0.0,18.51018498735747
2024-03-27,0.0,15.409621092790008
2024-03-28,0.0,18.509546388520683
2024-03-29,0.0,17.751329985819847
2024-03-30,16.128453216241134,21.32020894602435
2024-03-31,0.0,13.923378652152994
2024-04-01,0.0,19.569511478259788
2024-04-02,3.208380980000036,19.51209687084311
2024-04-03,0.0,15.43996998400543
2024-04-04,0.0,19.56779962410819
2024-04-05,1.6320907933806923,18.391871501393513
2024-04-06,0.0,17.429871808899275
2024-04-07,0.0,16.401341272618893
2024-04-08,0.0,16.774477714025274
2024-04-09,3.4064795430301746,22.474853187512984
2024-04-10,0.0,18.53812685967868
2024-04-11,0.0,20.26150543196965
2024-04-12,0.0,17.274835299100964
2024-04-13,0.0,17.455173999616456
2024-04-14,10.317058226313552,21.335905644623054
2024-04-15,0.0,16.628603502401248
2024-04-16,9.71956158791349,18.651865881593565
2024-04-17,11.488954043160385,19.703557531172972
2024-04-18,0.0,20.01008360483799
2024-04-19,0.0,19.579568931567458
2024-04-20,0.0,20.87834900071289
2024-04-21,0.0,21.619867585291125
2024-04-22,0.0,21.849326806301658
2024-04-23,0.0,18.552745514340543
2024-04-24,0.0,20.09870736705358
2024-04-25,0.0,23.197528458291885
2024-04-26,0.0,22.73656124475538
2024-04-27,7.410818070771493,18.339049798189134
2024-04-28,0.0,21.92342728511308
2024-04-29,0.0,17.39787251015215
2024-04-30,7.19289110004085,21.580165414470553
2024-05-01,17.856517613164144,25.411880215914735
2024-05-02,0.0,19.848650753791482
2024-05-03,0.0,20.201881581253506
2024-05-04,0.0,23.52264283366219
2024-05-05,0.0,19.030963192398453
2024-05-06,21.531632526607947,20.970930323189044
2024-05-07,0.0,23.54705250480336
2024-05-08,0.0,21.201149181586747
2024-05-09,0.0,22.11111811036368
2024-05-10,0.0,24.182519689469448
2024-05-11,0.0,23.646050677780877
2024-05-12,0.0,23.443093360158578
2024-05-13,0.0,22.33536632320669
2024-05-14,0.0,23.85551282061152
2024-05-15,0.0,22.96730017282463
2024-05-16,8.855502327023656,24.227317483509648
2024-05-17,9.751232666956314,22.41232000610883
2024-05-18,13.763210943565388,23.133032966516197
2024-05-19,0.0,21.607723997654002
2024-05-20,0.0,23.604548327283496
2024-05-21,0.0,22.13691532418474
2024-05-22,0.0,21.61258219910965
2024-05-23,0.0,24.437135760306262
2024-05-24,21.069669703463045,24.421788248237753
2024-05-25,0.0,25.6358855979235
2024-05-26,0.0,23.279028742703137
2024-05-27,0.0,25.025818570839856
2024-05-28,0.0,25.37701198033929
2024-05-29,0.0,25.22791990389244
2024-05-30,0.0,22.74725321381467
2024-05-31,8.170659142287157,24.754690838813804
2024-06-01,13.60785089542178,25.238845755060858
2024-06-02,0.0,24.57670519973494
2024-06-03,0.0,20.43834252198084
2024-06-04,0.0,24.978378624495505
2024-06-05,0.0,29.125701297309554
2024-06-06,4.671292641050867,24.020926014210236
2024-06-07,1.9773991085017415,23.322329219345928
2024-06-08,0.0,25.559761822138892
2024-06-09,0.0,25.469494588454065
2024-06-10,5.196713701791331,27.25896475477269
2024-06-11,0.0,22.383588639055755
2024-06-12,24.80661667338279,26.384982599329305
2024-06-13,0.0,26.123023191442446
2024-06-14,13.832239430591601,24.674896887590698
2024-06-15,0.0,25.650624366924934
2024-06-16,2.2277792089528745,27.043269174752353
2024-06-17,0.0,26.737130872453733
2024-06-18,14.357362969292254,22.71164639565145
2024-06-19,2.447637176497782,26.640223770872872
2024-06-20,11.356045228676285,24.86978937648234
2024-06-21,0.0,25.141211002904605
2024-06-22,0.0,25.135191137853724
2024-06-23,3.068824426702989,24.6786856310574
2024-06-24,0.0,27.35000401175583
2024-06-25,0.0,24.783617191308554
2024-06-26,0.0,22.693476235907806
2024-06-27,2.070768126044438,24.12408092799509
2024-06-28,0.0,25.24416533594436
2024-06-29,27.94683351891233,27.31791106823241
2024-06-30,5.9254859371952096,26.03545488969749
2024-07-01,0.0,23.09506635896081
2024-07-02,13.62891000141711,29.730485339681465
2024-07-03,0.0,25.250732588246574
2024-07-04,0.0,27.23015930623867
2024-07-05,0.0,24.33127661848703
2024-07-06,0.0,25.653896659283863
2024-07-07,8.479974322311534,26.215746975341265
2024-07-08,2.6912100582135023,26.920005223630227
2024-07-09,0.0,26.542348044660656
2024-07-10,6.557321506934424,26.11320746310027
2024-07-11,2.7195829134009846,23.677065847991575
2024-07-12,43.36052759758599,23.099415138018813
2024-07-13,15.651296729458554,24.841051281242333
2024-07-14,8.337708623292741,25.9723024456243
2024-07-15,13.041128714147423,23.588116621693633
2024-07-16,0.0,26.088736838777862
2024-07-17,0.0,26.785806717267292
2024-07-18,0.0,21.96748020158852
2024-07-19,14.857575285802858,22.04322177950066
2024-07-20,14.889197303519367,23.350671162688442
2024-07-21,14.383597835351164,24.158447033876662
2024-07-22,0.0,22.40335654599653
2024-07-23,0.0,26.063660151920658
2024-07-24,13.508281586062843,24.111675710275996
2024-07-25,0.0,23.24427461094064
2024-07-26,8.961249566456623,20.19298041547239
2024-07-27,0.0,20.330197004971144
2024-07-28,0.0,23.41851705135076
2024-07-29,0.0,18.483649161360734
2024-07-30,0.0,24.664160947193572
2024-07-31,0.0,22.210360586575444
2024-08-01,26.369483691351103,28.898406047675422
2024-08-02,0.0,26.911408042097094
2024-08-03,9.476815536901467,21.813870998264587
2024-08-04,0.0,21.84316209600915
2024-08-05,0.0,23.923975296873834
2024-08-06,0.0,25.214079314606238
2024-08-07,8.55749559969312,18.404580527263303
2024-08-08,0.0,17.97881264138148
2024-08-09,0.0,20.176477521256874
2024-08-10,0.0,22.453103312306073
2024-08-11,9.548640056932719,22.146593180648473
2024-08-12,10.153512521638648,23.155783542216927
2024-08-13,1.057714405273092,18.47845746619412
2024-08-14,3.3676299530033624,16.10543495310549
2024-08-15,0.0,22.311921014706055
2024-08-16,7.410584156537844,18.79601183947604
2024-08-17,0.0,16.270324752842058
2024-08-18,0.9779659306567041,20.45075140207729
2024-08-19,8.325606660164183,21.59876951089511
2024-08-20,0.0,19.618612806844347
2024-08-21,0.0,18.79589830437366
2024-08-22,0.0,19.240342470792775
2024-08-23,0.0,18.664022318703385
2024-08-24,0.0,16.55390917581521
2024-08-25,10.038098853132949,17.664198234175352
2024-08-26,0.0,19.978462576592296
2024-08-27,0.0,19.42043673479265
2024-08-28,0.0,18.953256919231315
2024-08-29,1.863767454000735,16.465826163000578
2024-08-30,0.0,17.931078497973967
2024-08-31,4.336674363723672,13.77694031647256
2024-09-01,22.195075685089126,18.324081520505686
2024-09-02,13.150638163216897,20.660022167619292
2024-09-03,0.0,14.688390663195857
2024-09-04,0.0,16.298366458173845
2024-09-05,0.0,17.96127025972638
2024-09-06,0.0,19.64089442325293
2024-09-07,0.0,16.070279665335466
2024-09-08,12.542529525408908,15.413165198723831
2024-09-09,20.17612228723493,12.690223844553007
2024-09-10,0.0,16.664868227814964
2024-09-11,3.4420603130913046,20.3716338548133
2024-09-12,0.0,16.671306995146303
2024-09-13,0.0,15.900809539804564
2024-09-14,0.0,16.418029413868602
2024-09-15,0.0,15.579948765760726
2024-09-16,0.0,13.804193585525045
2024-09-17,0.0,16.90474423362674
2024-09-18,0.0,15.537593015110396
2024-09-19,0.0,14.949156534980434
2024-09-20,1.871081380980455,12.791083543172176
2024-09-21,0.0,17.176793533824213
2024-09-22,0.0,15.727272717008292
2024-09-23,18.137393126683175,13.120293532930765
2024-09-24,0.0,16.05828220919188
2024-09-25,0.0,12.888268252012642
2024-09-26,0.0,12.14851124045212
2024-09-27,7.605766100930451,12.022601795840682
2024-09-28,0.0,9.829792764438652
2024-09-29,0.0,14.14541890358079
2024-09-30,3.339868245591232,9.370981345387538
2024-10-01,1.044690145931913,10.407903183070516
2024-10-02,0.0,8.545767279536815
2024-10-03,9.644612989097551,12.357638809608861
2024-10-04,0.0,12.062704152176183
2024-10-05,0.0,11.544300821635112
2024-10-06,6.812427925012588,9.947716417923946
2024-10-07,0.0,9.524462083768451
2024-10-08,0.0,12.634654904847846
2024-10-09,0.0,10.442773009875692
2024-10-10,0.0,12.015579335774614
2024-10-11,0.0,9.45242297571191
2024-10-12,5.751231914091757,11.4262227189775
2024-10-13,0.0,13.512996486475917
2024-10-14,0.0,11.922328201090027
2024-10-15,0.26114664937431187,9.769984520062089
2024-10-16,0.0,10.955331005627263
2024-10-17,0.0,9.807074574200934
2024-10-18,0.0,10.153033298302555
2024-10-19,26.112872420608483,9.336359761245237
2024-10-20,0.0,9.510705678070693
2024-10-21,0.0,10.116886224529019
2024-10-22,1.4384833074228123,7.560878215429592
2024-10-23,6.311901817600837,7.372349721918281
2024-10-24,5.3321429497820025,6.485192213294333
2024-10-25,0.0,5.921605268067847
2024-10-26,0.0,6.549193983309815
2024-10-27,0.0,9.16607901397498
2024-10-28,0.0,6.926796823057888
2024-10-29,0.0,9.606681796096556
2024-10-30,0.0,8.517863925414273
2024-10-31,0.0,4.382352930988561
2024-11-01,13.473827714223832,9.50221707367322
2024-11-02,1.0631034245097055,9.688785022313649
2024-11-03,12.183195669701771,5.956438549258519
2024-11-04,0.0,8.663613949030367
2024-11-05,0.0,5.991427984316726
2024-11-06,0.0,7.7831206450107135
2024-11-07,0.0,4.944334910769985
2024-11-08,0.0,3.7749009670254177
2024-11-09,0.0,6.485525207103657
2024-11-10,0.0,6.896043556663184
2024-11-11,9.686620953242214,6.2428119749446385
2024-11-12,4.114393085641163,4.567139420345434
2024-11-13,0.0,6.034821361278569
2024-11-14,11.828503262066572,7.275047517922374
2024-11-15,0.0,6.550959145568561
2024-11-16,0.0,6.912511487667793
2024-11-17,8.31229758272837,5.1165479015932664
2024-11-18,30.815674782648323,8.712014548933205
2024-11-19,0.0,3.930590139797222
2024-11-20,0.0,7.174998554438081
2024-11-21,0.0,8.483208959624994
2024-11-22,0.0,7.003423278148703
2024-11-23,6.806635679203404,5.561393522623498
2024-11-24,2.859640995709031,4.837359605731879
2024-11-25,0.0,7.896339041498578
2024-11-26,0.0,2.9111429275457192
2024-11-27,12.284496058269912,3.752512168860919
2024-11-28,0.0,4.836071006062243
2024-11-29,0.0,8.04769608111979
2024-11-30,0.0,6.2759194719600755
2024-12-01,0.0,3.5270985166750544
2024-12-02,0.0,4.792206419357229
2024-12-03,0.0,4.136648226165924
2024-12-04,0.0,3.901044185292289
2024-12-05,6.02099216477032,7.236597150822947
2024-12-06,8.161310250832443,2.496408235149306
2024-12-07,0.0,8.421424795013847
2024-12-08,0.0,6.827193860569423
2024-12-09,0.0,7.3222418415690935
2024-12-10,0.0,4.18734507362608
2024-12-11,0.0,4.788977921907235
2024-12-12,1.891453346317065,2.201127878276433
2024-12-13,0.0,3.9996220748594196
2024-12-14,0.0,6.020720677744602
2024-12-15,0.0,7.612954514908871
2024-12-16,13.643040673658438,2.7968892105447614
2024-12-17,0.0,4.273525319155896
2024-12-18,0.0,4.698234972987577
2024-12-19,0.0,2.208514198253128
2024-12-20,0.0,6.185013463717892
2024-12-21,0.0,3.559519224117947
2024-12-22,0.0,4.62486508609031
2024-12-23,0.0,4.122851525094689
2024-12-24,0.0,3.4621330270888597
2024-12-25,5.10334055203096,5.043730960099371
2024-12-26,0.0,4.646558748684631
2024-12-27,0.0,4.356959284569138
2024-12-28,0.0,3.6695823326994508
2024-12-29,0.0,5.794311174044988
2024-12-30,0.0,8.494169834268476
2024-12-31,0.0,5.501291050621688
2025-01-01,0.0,7.21375301476569
2025-01-02,10.346393429341934,2.4785515979688704
2025-01-03,0.0,5.614883660072468
2025-01-04,0.0,3.1478639855093182
2025-01-05,36.5516622784641,2.4348523062131893
2025-01-06,0.0,3.9589089191628717
2025-01-07,0.0,7.873233505875611
2025-01-08,0.0,7.444067783067865
2025-01-09,0.0,6.087448864689846
2025-01-10,0.0,2.5962265919908867
2025-01-11,0.0,5.3320218614321595
2025-01-12,0.0,6.393687140637125
2025-01-13,0.0,6.20979257730386
2025-01-14,0.0,2.242274705012149
2025-01-15,0.0,4.223055607437823
2025-01-16,0.0,5.952031007107082
2025-01-17,0.0,7.231906719600744
2025-01-18,0.0,1.848827306357678
2025-01-19,0.0,6.001188501744314
2025-01-20,0.0,6.698457956999875
2025-01-21,6.437704705386302,8.201053061757149
2025-01-22,0.0,7.979531112130091
2025-01-23,15.184578898330056,7.853436373959533
2025-01-24,0.0,5.18535345357199
2025-01-25,0.0,3.068605135679774
2025-01-26,0.0,6.200283604130432
2025-01-27,0.0,9.093807082849349
2025-01-28,0.0,9.98395054434111
2025-01-29,0.0,8.726949935756194
2025-01-30,0.0,8.275623560817845
2025-01-31,0.0,8.28955841980638
2025-02-01,0.0,6.533592276838585
2025-02-02,6.87165851939277,7.503439029933636
2025-02-03,0.0,11.221572828834915
2025-02-04,0.0,6.120300717899777
2025-02-05,0.0,11.359029909183034
2025-02-06,0.0,7.611507502686428
2025-02-07,0.0,11.034518035767373
2025-02-08,0.0,5.70007437065511
2025-02-09,0.0,9.817485393427525
2025-02-10,0.0,7.30599224369608
2025-02-11,4.1750508349720965,6.084696915000363
2025-02-12,0.0,9.489801215214257
2025-02-13,0.0,11.210940842653928
2025-02-14,0.0,7.643099559901831
2025-02-15,0.0,6.477614947407001
2025-02-16,0.0,9.436258755947092
2025-02-17,0.0,9.590973268790137
2025-02-18,0.0,11.009929816587952
2025-02-19,0.0,11.961433641129206
2025-02-20,0.0,10.093831236297126
2025-02-21,0.0,14.075503920560019
2025-02-22,22.784196924233424,10.966176071666478
2025-02-23,0.0,9.979391062481888
2025-02-24,0.6223866169338371,7.604929255671176
2025-02-25,0.0,10.459801067307934
2025-02-26,0.0,10.470592046741658
2025-02-27,0.0,13.22336416365621
2025-02-28,0.0,12.388206026369993
2025-03-01,18.39834841451881,9.266032760793633
2025-03-02,0.0,12.13181215589843
2025-03-03,0.0,13.293850096895214
2025-03-04,0.49197773402605927,15.171238389969576
2025-03-05,0.0,14.055426359487065
2025-03-06,0.0,13.968160357461086
2025-03-07,0.0,12.733444329170826
2025-03-08,0.0,13.557408880805244
2025-03-09,0.0,15.447964802726124
2025-03-10,0.0,10.452178106608258
2025-03-11,0.0,12.588189903751312
2025-03-12,0.0,11.911774295844706
2025-03-13,0.0,14.3855185163196
2025-03-14,0.0,16.258363902308048
2025-03-15,0.0,12.775034452083505
2025-03-16,16.945208256436768,9.359743277686658
2025-03-17,8.27505943923953,13.487534241927861
2025-03-18,0.0,16.310750791802278
2025-03-19,2.869030335936785,15.731043689672301
2025-03-20,0.0,15.684238934062805
2025-03-21,0.0,14.440013396251041
2025-03-22,5.459516932355488,12.614072089118775
2025-03-23,0.0,16.37480475947639
2025-03-24,0.0,13.847633052163287
2025-03-25,0.0,20.056217734784113
2025-03-26,0.0,17.0006624040835
2025-03-27,0.0,14.869720369366446
2025-03-28,0.0,14.979309954216271
2025-03-29,14.532500085538828,16.186899307905474
2025-03-30,0.0,16.06408436259931
2025-03-31,0.0,18.946598992874684
2025-04-01,0.0,17.255099437920535
2025-04-02,0.0,15.587781520869134
2025-04-03,0.0,21.00009650035322
2025-04-04,0.0,17.485344323099945
2025-04-05,0.0,19.091212303099663
2025-04-06,0.0,16.503128560451536
2025-04-07,0.0,18.611055584295137
2025-04-08,0.0,18.671432228849284
2025-04-09,0.0,14.433398032731338
2025-04-10,0.0,22.405779216862413
2025-04-11,0.0,21.11805014360881
2025-04-12,0.0,17.902854796614754
2025-04-13,0.0,16.65209458152436
2025-04-14,0.0,19.710003119666837
2025-04-15,0.0,19.34533142495196
2025-04-16,0.0,20.03909382263077
2025-04-17,34.078162798817274,19.865448209792287
2025-04-18,0.0,20.64798468764036
2025-04-19,0.0,22.6819497999415
2025-04-20,0.0,21.07396191185706
2025-04-21,1.130272074353476,17.987398440701163
2025-04-22,0.0,22.959281779080406
2025-04-23,0.0,23.661280842359574
2025-04-24,3.0817072991070376,26.828466600700366
2025-04-25,1.6726292046409126,18.42002949643198
2025-04-26,6.818584714401264,21.293766760838558
2025-04-27,0.0,16.78306946322966
2025-04-28,0.0,22.19106701390968
2025-04-29,0.0,20.12406688807513
2025-04-30,17.305076115498963,25.20121459855168
2025-05-01,0.0,19.93706567031265
2025-05-02,0.0,18.23798010648826
2025-05-03,0.0,20.801908706924415
2025-05-04,0.0,17.919552129802394
2025-05-05,1.3747814399355813,23.496782179531092
2025-05-06,0.0,17.986400130305103
2025-05-07,0.0,22.29335554532544
2025-05-08,0.0,18.19854658992746
2025-05-09,0.0,21.82912526789227
2025-05-10,0.0,25.86981439639469
2025-05-11,0.0,23.415444051710967
2025-05-12,8.07560434978962,21.075971300777887
2025-05-13,16.875072710570418,22.847049589689604
2025-05-14,0.0,23.049644625835658
2025-05-15,0.0,24.06065128176042
2025-05-16,5.380558282587146,20.48104880646249
2025-05-17,9.765130844076136,24.49684081135274
2025-05-18,21.526603709350347,17.997400793139235
2025-05-19,0.0,22.238401810547657
2025-05-20,2.450359137511942,22.61109189785494
2025-05-21,0.0,24.941217199438444
2025-05-22,0.749737774004193,23.80417875679617
2025-05-23,0.0,21.02954899172106
2025-05-24,10.829763947120862,21.949827212961456
2025-05-25,0.0,24.39366871561725
2025-05-26,11.087539755932529,23.912003444297245
2025-05-27,0.0,22.983031662581844
2025-05-28,5.008949055506689,23.248045298142387
2025-05-29,0.0,25.667752830110544
2025-05-30,0.0,23.30298714249082
2025-05-31,0.0,24.22237809136081
2025-06-01,0.0,28.79583705043251
2025-06-02,4.049034052839971,21.66319988918369
2025-06-03,8.427619588220722,20.85866280276974
2025-06-04,0.0,26.17847716832022
2025-06-05,0.0,23.30011325396034
2025-06-06,0.0,24.06416416302983
2025-06-07,0.0,23.178691795461972
2025-06-08,0.0,24.258883133521547
2025-06-09,0.0,28.010140926908775
2025-06-10,2.3958976138191206,26.44899508475716
2025-06-11,0.0,26.59794144771382
2025-06-12,0.0,22.06687083928824
2025-06-13,2.4006437799443594,22.619914621073583
2025-06-14,0.0,19.264021749968666
2025-06-15,14.455525055362905,23.34042831930628
2025-06-16,0.0,26.88665610385287
2025-06-17,2.19625127262024,26.018247243052382
2025-06-18,0.0,24.549473586492585
2025-06-19,0.0,24.953084452362802
2025-06-20,0.8339181837573894,23.62213631221109
2025-06-21,0.0,25.408684351350946
2025-06-22,0.0,26.527219365834803
2025-06-23,0.0,21.75702358102939
2025-06-24,4.040247062557948,25.578466984328617
2025-06-25,5.134561376030039,26.831458759451035
2025-06-26,12.182092339521585,24.12085253308024
2025-06-27,0.0,26.33396971691531
2025-06-28,0.0,30.540449528879655
2025-06-29,0.0,24.678090316349625
2025-06-30,0.0,25.646095599648955
2025-07-01,0.0,23.353151352477038
2025-07-02,0.0,25.158639241659
2025-07-03,4.430813098338069,25.680648756288292
2025-07-04,0.0,25.110866646830893
2025-07-05,24.332377073521716,22.639987190822925
2025-07-06,0.0,25.04742902829239
2025-07-07,0.0,27.511570047308236
2025-07-08,0.0,25.434081495333512
2025-07-09,8.828879386241443,26.407590178265398
2025-07-10,3.4530879762085376,23.953587493878953
2025-07-11,11.756165739626839,25.868613941801737
2025-07-12,24.00864070126547,24.865774986812845
2025-07-13,14.13788510070441,22.34108576255647
2025-07-14,0.0,24.812878270191685
2025-07-15,0.0,22.12265297406154
2025-07-16,1.2585714508494903,22.767797473477263
2025-07-17,5.593936515721612,24.33704952193384
2025-07-18,10.208222882966197,24.47506177305518
2025-07-19,0.0,21.421657109581098
2025-07-20,0.0,25.82503472945897
2025-07-21,0.0,24.77543383710006
2025-07-22,0.0,22.1337648262765
2025-07-23,0.0,20.37732098063228
2025-07-24,0.0,23.069445636023506
2025-07-25,13.666555666549861,22.371654559516774
2025-07-26,0.0,23.391661428565204
2025-07-27,6.85837517118532,22.338566140898315
2025-07-28,0.0,18.94691491633614
2025-07-29,5.9741591239408045,22.07980467418483
2025-07-30,0.0,22.13760219153378
2025-07-31,0.0,23.906208177453546
2025-08-01,0.0,21.130268926097983
2025-08-02,0.0,25.76956945523109
2025-08-03,30.64854220230526,18.47229443956136
2025-08-04,14.30723996233235,24.79910413236487
2025-08-05,11.78692683681885,21.60719815931557
2025-08-06,4.630954605828632,23.651982013556886
2025-08-07,0.0,21.967337062887626
2025-08-08,2.3530641716016376,23.959749714186273
2025-08-09,0.0,20.77683964298523
2025-08-10,0.0,19.223306282010014
2025-08-11,0.0,24.12863672050047
2025-08-12,11.960762581590755,20.925884707868995
2025-08-13,0.0,21.459357579497645
2025-08-14,0.0,23.347356351014323
2025-08-15,0.0,18.673812194854374
2025-08-16,0.0,21.78687441938028
2025-08-17,0.0,19.272614872480727
2025-08-18,15.58527147931534,20.04296177033059
2025-08-19,0.0,20.305181840927105
2025-08-20,8.124428955796027,17.011974411563884
2025-08-21,14.338219460198207,18.305052985446032
2025-08-22,14.635101262462271,22.413740861564918
2025-08-23,16.415826166348136,21.33144931225418
2025-08-24,1.226693327458131,19.27990868885048
2025-08-25,5.753723274379542,19.73625031672133
2025-08-26,0.0,18.5050745768833
2025-08-27,0.0,21.64906953822063
2025-08-28,0.0,18.376374496451323
2025-08-29,0.0,19.08082149156737
2025-08-30,12.567143319323556,20.748183414991466
2025-08-31,0.0,16.73934185255349
2025-09-01,0.0,21.248648778352056
2025-09-02,8.548808997971202,14.906205373248154
2025-09-03,0.0,21.061591014217758
2025-09-04,14.671839510569669,16.89130375937612
2025-09-05,0.0,16.984824309158792
2025-09-06,0.0,13.523036359940237
2025-09-07,11.781002113857681,16.225619719642577
2025-09-08,0.30830629327486136,14.887115835881998
2025-09-09,0.0,15.582373166508678
2025-09-10,0.0,16.353448197807413
2025-09-11,19.587827528726656,18.37357519814456
2025-09-12,0.0,16.702688477327065
2025-09-13,5.054888061207102,16.731943378019178
2025-09-14,0.0,13.754328720480867
2025-09-15,0.0,14.01235661312917
2025-09-16,3.2260737398900123,19.199582810360553
2025-09-17,19.08794537385444,13.959820260518812
2025-09-18,13.7764367959877,18.570600906385923
2025-09-19,21.184505708514607,14.599947571125155
2025-09-20,10.305480623684785,14.918505903400128
2025-09-21,0.0,16.882545918188537
2025-09-22,5.680711807186636,17.113562513832008
2025-09-23,0.0,14.176242105783897
2025-09-24,0.0,13.449649100622292
2025-09-25,0.0,13.94279160478358
2025-09-26,0.0,14.559324985247292
2025-09-27,9.299488936928583,15.495125599213704
2025-09-28,0.0,13.55046774878956
2025-09-29,0.0,14.609702466661142
2025-09-30,0.0,16.47905360728626
2025-10-01,2.594337216772535,13.795890326593806
2025-10-02,0.0,13.488096557611598
2025-10-03,0.0,9.659121647513746
2025-10-04,1.6145810547674369,7.268317921532521
2025-10-05,0.0,13.140096531180264
2025-10-06,0.0,12.008044785446096
2025-10-07,0.0,11.003306457435615
2025-10-08,0.0,12.355989999014422
2025-10-09,0.0,11.585107719360881
2025-10-10,4.273019413967671,13.799437374560465
2025-10-11,0.0,11.555084429220281
2025-10-12,0.0,9.72907377782002
2025-10-13,26.117697429565656,13.044429711353914
2025-10-14,4.74848448793501,10.472178261951385
2025-10-15,0.0,11.803069967649074
2025-10-16,0.8647645483315057,9.639990744109449
2025-10-17,0.0,9.141279293920537
2025-10-18,7.043742159243323,10.456741383632753
2025-10-19,4.683022487283311,10.162930216000468
2025-10-20,19.863398051448662,10.947235936275911
2025-10-21,0.0,9.302084583221989
2025-10-22,0.0,6.019979950839873
2025-10-23,0.0,8.682047847416717
2025-10-24,0.0,10.99174431018587
2025-10-25,24.743739799405407,8.667525162470543
2025-10-26,0.0,8.629380672046171
2025-10-27,0.0,10.956512379562646
2025-10-28,0.0,7.423207545848876
2025-10-29,5.422438183161805,5.626765417555857
2025-10-30,0.0,8.258190628583375
2025-10-31,10.296918473546857,7.480088525411675
2025-11-01,0.0,6.38686871835816
2025-11-02,0.0,7.841508993432459
2025-11-03,0.0,9.050199025623796
2025-11-04,0.0,7.925586775792595
2025-11-05,0.0,8.43719300861286
2025-11-06,0.0,11.33123985616597
2025-11-07,0.0,6.902022168398914
2025-11-08,0.0,8.030028993969257
2025-11-09,0.0,6.342687146896302
2025-11-10,0.0,5.5584401465556486
2025-11-11,0.0,5.973686142377316
2025-11-12,0.0,6.080654219130469
2025-11-13,0.0,7.654152131884804
2025-11-14,0.0,11.532771058942359
2025-11-15,0.0,5.304371140209225
2025-11-16,11.05152992542479,5.80749459458271
2025-11-17,0.0,6.42126340024687
2025-11-18,0.0,7.248375999921226
2025-11-19,0.0,6.895680343410455
2025-11-20,0.0,8.851128400803017
2025-11-21,0.0,1.3470938191942272
2025-11-22,0.0,1.345567033313725
2025-11-23,0.0,5.049850748630613
2025-11-24,7.804308323499603,8.161042351840575
2025-11-25,0.0,2.7626576358466446
2025-11-26,6.545566270300007,-0.19110093998144873
2025-11-27,0.0,6.899451590507483
2025-11-28,0.0,6.180075137025635
2025-11-29,0.0,3.450769723446826
2025-11-30,2.9823164882930517,3.6013093646539343
2025-12-01,0.6504587349489285,3.5768967606089346
2025-12-02,0.0,5.684260668643425
2025-12-03,2.9619757495600596,4.160191277761022
2025-12-04,7.551908504827326,6.353422352309553
2025-12-05,1.3783124071419972,-0.38863115604942333
2025-12-06,0.0,3.5651143034537895
2025-12-07,0.0,2.9877865718542167
2025-12-08,0.0,4.6911817268001155
2025-12-09,0.0,4.094638963219901
2025-12-10,0.0,6.73620606015323
2025-12-11,0.0,1.3945505543564813
2025-12-12,0.0,5.179842312726958
2025-12-13,9.83616343425136,6.184104353749268
2025-12-14,8.702269969192836,8.762241762116936
2025-12-15,4.6914149889909975,4.069879040271349
2025-12-16,0.0,5.6697456000511135
2025-12-17,0.0,1.403477259024935
2025-12-18,0.0,0.22062478450038014
2025-12-19,6.280099236247352,6.690382165016022
2025-12-20,1.754671905428704,4.988972015341957
2025-12-21,0.0,7.359340359797938
2025-12-22,0.0,2.260694109663667
2025-12-23,0.0,6.055450067501863
2025-12-24,0.0,8.764385950006151
2025-12-25,0.0,5.88022125524274
2025-12-26,0.0,5.610983942242577
2025-12-27,16.183669693948065,5.094890067469376
2025-12-28,0.0,1.9589121348746446
2025-12-29,0.0,7.837651447480832
2025-12-30,0.0,3.9335465528689455
2025-12-31,0.0,6.19590181004994
